ADDRESS1,ADDRESS2,POSTCODE,PROPERTY_TYPE,BUILT_FORM,CONSTRUCTION_AGE_BAND,TOTAL_FLOOR_AREA,NUMBER_HABITABLE_ROOMS,WALLS_DESCRIPTION,ROOF_DESCRIPTION,WINDOWS_DESCRIPTION,MAINHEAT_DESCRIPTION,HOTWATER_DESCRIPTION,CURRENT_ENERGY_RATING,POTENTIAL_ENERGY_RATING,LODGEMENT_DATE,UPRN
1 Larkhall Rise,,SW16 1AD,House,Semi-Detached,England and Wales: 1930-1949,124,6,"Cavity wall, as built, insulated (assumed)","Pitched, 250 mm loft insulation",Partial double glazing,"Boiler and radiators, mains gas",From main system,E,C,2023-05-14,100010017
2 Larkhall Rise,,SW16 1AD,House,Semi-Detached,England and Wales: 1930-1949,128,6,"Cavity wall, as built, insulated (assumed)","Pitched, 250 mm loft insulation",Fully double glazed,"Boiler and radiators, mains gas",From main system,D,C,2023-05-14,100010034
3 Larkhall Rise,,SW16 1AD,House,Semi-Detached,England and Wales: 1930-1949,101,5,"Cavity wall, as built, insulated (assumed)","Pitched, 250 mm loft insulation",Fully double glazed,"Boiler and radiators, mains gas",From main system,D,C,2023-05-14,100010051
4 Larkhall Rise,,SW16 1AD,House,Semi-Detached,England and Wales: 1930-1949,118,5,"Cavity wall, as built, insulated (assumed)","Pitched, 250 mm loft insulation",Fully double glazed,"Boiler and radiators, mains gas",From main system,E,C,2023-05-14,100010068
5 Larkhall Rise,,SW16 1AD,House,Semi-Detached,England and Wales: 1930-1949,92,4,"Cavity wall, as built, insulated (assumed)","Pitched, 250 mm loft insulation",Fully double glazed,"Boiler and radiators, mains gas",From main system,D,C,2023-05-14,100010085
6 Larkhall Rise,,SW16 1AD,House,Semi-Detached,England and Wales: 1930-1949,126,6,"Cavity wall, as built, insulated (assumed)","Pitched, 250 mm loft insulation",Fully double glazed,"Boiler and radiators, mains gas",From main system,E,C,2023-05-14,100010102
7 Larkhall Rise,,SW16 1AD,House,Semi-Detached,England and Wales: 1930-1949,117,5,"Cavity wall, as built, insulated (assumed)","Pitched, 250 mm loft insulation",Fully double glazed,"Boiler and radiators, mains gas",From main system,E,C,2023-05-14,100010119
8 Larkhall Rise,,SW16 1AD,House,Semi-Detached,England and Wales: 1930-1949,124,6,"Cavity wall, as built, insulated (assumed)","Pitched, 250 mm loft insulation",Fully double glazed,"Boiler and radiators, mains gas",From main system,D,C,2023-05-14,100010136
9 Larkhall Rise,,SW16 1AD,House,Semi-Detached,England and Wales: 1930-1949,90,4,"Cavity wall, as built, insulated (assumed)","Pitched, 250 mm loft insulation",Fully double glazed,"Boiler and radiators, mains gas",From main system,E,C,2023-05-14,100010153
10 Larkhall Rise,,SW16 1AD,Flat,Mid-Terrace,England and Wales: 1930-1949,82,4,"Cavity wall, as built, insulated (assumed)",(another dwelling above),Fully double glazed,"Boiler and radiators, mains gas",From main system,D,C,2023-05-14,100010170
11 Larkhall Rise,,SW16 1AD,House,Semi-Detached,England and Wales: 1930-1949,94,4,"Cavity wall, as built, insulated (assumed)","Pitched, 250 mm loft insulation",Partial double glazing,"Boiler and radiators, mains gas",From main system,C,C,2023-05-14,100010187
12 Larkhall Rise,,SW16 1AD,House,Semi-Detached,England and Wales: 1930-1949,113,5,"Cavity wall, as built, insulated (assumed)","Pitched, 250 mm loft insulation",Fully double glazed,"Boiler and radiators, mains gas",From main system,D,C,2023-05-14,100010204
13 Larkhall Rise,,SW16 1AD,House,Semi-Detached,England and Wales: 1930-1949,106,5,"Cavity wall, as built, insulated (assumed)","Pitched, 250 mm loft insulation",Partial double glazing,"Boiler and radiators, mains gas",From main system,C,C,2023-05-14,100010221
14 Larkhall Rise,,SW16 1AD,House,Semi-Detached,England and Wales: 1930-1949,123,6,"Cavity wall, as built, insulated (assumed)","Pitched, 250 mm loft insulation",Fully double glazed,"Boiler and radiators, mains gas",From main system,D,C,2023-05-14,100010238
15 Larkhall Rise,,SW16 1AD,House,Semi-Detached,England and Wales: 1930-1949,122,6,"Cavity wall, as built, insulated (assumed)","Pitched, 250 mm loft insulation",Partial double glazing,"Boiler and radiators, mains gas",From main system,D,C,2023-05-14,100010255
16 Larkhall Rise,,SW16 1AD,House,Semi-Detached,England and Wales: 1930-1949,94,4,"Cavity wall, as built, insulated (assumed)","Pitched, 250 mm loft insulation",Fully double glazed,"Boiler and radiators, mains gas",From main system,D,C,2023-05-14,100010272
17 Larkhall Rise,,SW16 1AD,House,Semi-Detached,England and Wales: 1930-1949,118,5,"Cavity wall, as built, insulated (assumed)","Pitched, 250 mm loft insulation",Fully double glazed,"Boiler and radiators, mains gas",From main system,D,C,2023-05-14,100010289
18 Larkhall Rise,,SW16 1AD,House,Semi-Detached,England and Wales: 1930-1949,99,5,"Cavity wall, as built, insulated (assumed)","Pitched, 250 mm loft insulation",Fully double glazed,"Boiler and radiators, mains gas",From main system,E,C,2023-05-14,100010306
19 Larkhall Rise,,SW16 1AD,House,Semi-Detached,England and Wales: 1930-1949,88,4,"Cavity wall, as built, insulated (assumed)","Pitched, 250 mm loft insulation",Fully double glazed,"Boiler and radiators, mains gas",From main system,D,C,2023-05-14,100010323
20 Larkhall Rise,,SW16 1AD,House,Semi-Detached,England and Wales: 1930-1949,98,4,"Cavity wall, as built, insulated (assumed)","Pitched, 250 mm loft insulation",Partial double glazing,"Boiler and radiators, mains gas",From main system,D,C,2023-05-14,100010340
1 Ellison Road,,SW16 2BE,House,End-Terrace,England and Wales: 1900-1929,122,6,"Solid brick, as built, no insulation (assumed)","Pitched, 250 mm loft insulation",Partial double glazing,"Boiler and radiators, mains gas",From main system,E,C,2023-05-14,100020017
2 Ellison Road,,SW16 2BE,House,Mid-Terrace,England and Wales: 1900-1929,110,5,"Solid brick, as built, no insulation (assumed)","Pitched, 250 mm loft insulation",Fully double glazed,"Boiler and radiators, mains gas",From main system,D,C,2023-05-14,100020034
3 Ellison Road,,SW16 2BE,House,Mid-Terrace,England and Wales: 1900-1929,99,5,"Solid brick, as built, no insulation (assumed)","Pitched, 250 mm loft insulation",Fully double glazed,"Boiler and radiators, mains gas",From main system,D,C,2023-05-14,100020051
4 Ellison Road,,SW16 2BE,House,Mid-Terrace,England and Wales: 1900-1929,135,6,"Solid brick, as built, no insulation (assumed)","Pitched, 250 mm loft insulation",Fully double glazed,"Boiler and radiators, mains gas",From main system,E,C,2023-05-14,100020068
5 Ellison Road,,SW16 2BE,House,Mid-Terrace,England and Wales: 1900-1929,108,5,"Solid brick, as built, no insulation (assumed)","Pitched, 250 mm loft insulation",Fully double glazed,"Boiler and radiators, mains gas",From main system,E,C,2023-05-14,100020085
6 Ellison Road,,SW16 2BE,House,Mid-Terrace,England and Wales: 1900-1929,115,5,"Solid brick, as built, no insulation (assumed)","Pitched, 250 mm loft insulation",Fully double glazed,"Boiler and radiators, mains gas",From main system,E,C,2023-05-14,100020102
7 Ellison Road,,SW16 2BE,House,Mid-Terrace,England and Wales: 1900-1929,104,5,"Solid brick, as built, no insulation (assumed)","Pitched, 250 mm loft insulation",Partial double glazing,"Boiler and radiators, mains gas",From main system,C,C,2023-05-14,100020119
8 Ellison Road,,SW16 2BE,House,Mid-Terrace,England and Wales: 1900-1929,132,6,"Solid brick, as built, no insulation (assumed)","Pitched, 250 mm loft insulation",Fully double glazed,"Boiler and radiators, mains gas",From main system,D,C,2023-05-14,100020136
9 Ellison Road,,SW16 2BE,House,Mid-Terrace,England and Wales: 1900-1929,135,6,"Solid brick, as built, no insulation (assumed)","Pitched, 250 mm loft insulation",Fully double glazed,"Boiler and radiators, mains gas",From main system,D,C,2023-05-14,100020153
10 Ellison Road,,SW16 2BE,House,Mid-Terrace,England and Wales: 1900-1929,144,7,"Solid brick, as built, no insulation (assumed)","Pitched, 250 mm loft insulation",Fully double glazed,"Boiler and radiators, mains gas",From main system,D,C,2023-05-14,100020170
11 Ellison Road,,SW16 2BE,House,Mid-Terrace,England and Wales: 1900-1929,118,5,"Solid brick, as built, no insulation (assumed)","Pitched, 250 mm loft insulation",Partial double glazing,"Boiler and radiators, mains gas",From main system,D,C,2023-05-14,100020187
12 Ellison Road,,SW16 2BE,House,Mid-Terrace,England and Wales: 1900-1929,139,6,"Solid brick, as built, no insulation (assumed)","Pitched, 250 mm loft insulation",Fully double glazed,"Boiler and radiators, mains gas",From main system,D,C,2023-05-14,100020204
13 Ellison Road,,SW16 2BE,House,End-Terrace,England and Wales: 1900-1929,133,6,"Solid brick, as built, no insulation (assumed)","Pitched, 250 mm loft insulation",Fully double glazed,"Boiler and radiators, mains gas",From main system,D,C,2023-05-14,100020221
14 Ellison Road,,SW16 2BE,House,Mid-Terrace,England and Wales: 1900-1929,122,6,"Solid brick, as built, no insulation (assumed)","Pitched, 250 mm loft insulation",Fully double glazed,"Boiler and radiators, mains gas",From main system,D,C,2023-05-14,100020238
15 Ellison Road,,SW16 2BE,House,Mid-Terrace,England and Wales: 1900-1929,115,5,"Solid brick, as built, no insulation (assumed)","Pitched, 250 mm loft insulation",Fully double glazed,"Boiler and radiators, mains gas",From main system,D,C,2023-05-14,100020255
16 Ellison Road,,SW16 2BE,House,Mid-Terrace,England and Wales: 1900-1929,109,5,"Solid brick, as built, no insulation (assumed)","Pitched, 250 mm loft insulation",Fully double glazed,"Boiler and radiators, mains gas",From main system,C,C,2023-05-14,100020272
17 Ellison Road,,SW16 2BE,House,Mid-Terrace,England and Wales: 1900-1929,145,7,"Solid brick, as built, no insulation (assumed)","Pitched, 250 mm loft insulation",Fully double glazed,"Boiler and radiators, mains gas",From main system,D,C,2023-05-14,100020289
18 Ellison Road,,SW16 2BE,Flat,Mid-Terrace,England and Wales: 1900-1929,82,4,"Solid brick, as built, no insulation (assumed)",(another dwelling above),Partial double glazing,"Boiler and radiators, mains gas",From main system,E,C,2023-05-14,100020306
19 Ellison Road,,SW16 2BE,House,Mid-Terrace,England and Wales: 1900-1929,124,6,"Solid brick, as built, no insulation (assumed)","Pitched, 250 mm loft insulation",Fully double glazed,"Boiler and radiators, mains gas",From main system,C,C,2023-05-14,100020323
20 Ellison Road,,SW16 2BE,House,Mid-Terrace,England and Wales: 1900-1929,127,6,"Solid brick, as built, no insulation (assumed)","Pitched, 250 mm loft insulation",Fully double glazed,"Boiler and radiators, mains gas",From main system,D,C,2023-05-14,100020340
1 Braxted Park,,SW16 1CF,House,Semi-Detached,England and Wales: 1930-1949,102,5,"Cavity wall, as built, insulated (assumed)","Pitched, 250 mm loft insulation",Partial double glazing,"Boiler and radiators, mains gas",From main system,E,C,2023-05-14,100030017
2 Braxted Park,,SW16 1CF,Flat,Mid-Terrace,England and Wales: 1930-1949,91,4,"Cavity wall, as built, insulated (assumed)",(another dwelling above),Fully double glazed,"Boiler and radiators, mains gas",From main system,E,C,2023-05-14,100030034
3 Braxted Park,,SW16 1CF,House,Semi-Detached,England and Wales: 1930-1949,127,6,"Cavity wall, as built, insulated (assumed)","Pitched, 250 mm loft insulation",Fully double glazed,"Boiler and radiators, mains gas",From main system,E,C,2023-05-14,100030051
4 Braxted Park,,SW16 1CF,House,Semi-Detached,England and Wales: 1930-1949,104,5,"Cavity wall, as built, insulated (assumed)","Pitched, 250 mm loft insulation",Fully double glazed,"Boiler and radiators, mains gas",From main system,D,C,2023-05-14,100030068
5 Braxted Park,,SW16 1CF,House,Semi-Detached,England and Wales: 1930-1949,97,4,"Cavity wall, as built, insulated (assumed)","Pitched, 250 mm loft insulation",Fully double glazed,"Boiler and radiators, mains gas",From main system,D,C,2023-05-14,100030085
6 Braxted Park,,SW16 1CF,House,Semi-Detached,England and Wales: 1930-1949,117,5,"Cavity wall, as built, insulated (assumed)","Pitched, 250 mm loft insulation",Fully double glazed,"Boiler and radiators, mains gas",From main system,D,C,2023-05-14,100030102
7 Braxted Park,,SW16 1CF,House,Semi-Detached,England and Wales: 1930-1949,115,5,"Cavity wall, as built, insulated (assumed)","Pitched, 250 mm loft insulation",Fully double glazed,"Boiler and radiators, mains gas",From main system,C,C,2023-05-14,100030119
8 Braxted Park,,SW16 1CF,House,Semi-Detached,England and Wales: 1930-1949,114,5,"Cavity wall, as built, insulated (assumed)","Pitched, 250 mm loft insulation",Fully double glazed,"Boiler and radiators, mains gas",From main system,E,C,2023-05-14,100030136
9 Braxted Park,,SW16 1CF,House,Semi-Detached,England and Wales: 1930-1949,110,5,"Cavity wall, as built, insulated (assumed)","Pitched, 250 mm loft insulation",Fully double glazed,"Boiler and radiators, mains gas",From main system,D,C,2023-05-14,100030153
10 Braxted Park,,SW16 1CF,House,Semi-Detached,England and Wales: 1930-1949,104,5,"Cavity wall, as built, insulated (assumed)","Pitched, 250 mm loft insulation",Fully double glazed,"Boiler and radiators, mains gas",From main system,D,C,2023-05-14,100030170
11 Braxted Park,,SW16 1CF,House,Semi-Detached,England and Wales: 1930-1949,101,5,"Cavity wall, as built, insulated (assumed)","Pitched, 250 mm loft insulation",Fully double glazed,"Boiler and radiators, mains gas",From main system,C,C,2023-05-14,100030187
12 Braxted Park,,SW16 1CF,House,Semi-Detached,England and Wales: 1930-1949,103,5,"Cavity wall, as built, insulated (assumed)","Pitched, 250 mm loft insulation",Fully double glazed,"Boiler and radiators, mains gas",From main system,C,C,2023-05-14,100030204
13 Braxted Park,,SW16 1CF,House,Semi-Detached,England and Wales: 1930-1949,122,6,"Cavity wall, as built, insulated (assumed)","Pitched, 250 mm loft insulation",Fully double glazed,"Boiler and radiators, mains gas",From main system,D,C,2023-05-14,100030221
14 Braxted Park,,SW16 1CF,Flat,Mid-Terrace,England and Wales: 1930-1949,71,3,"Cavity wall, as built, insulated (assumed)",(another dwelling above),Fully double glazed,"Boiler and radiators, mains gas",From main system,C,C,2023-05-14,100030238
15 Braxted Park,,SW16 1CF,House,Semi-Detached,England and Wales: 1930-1949,111,5,"Cavity wall, as built, insulated (assumed)","Pitched, 250 mm loft insulation",Fully double glazed,"Boiler and radiators, mains gas",From main system,D,C,2023-05-14,100030255
16 Braxted Park,,SW16 1CF,House,Semi-Detached,England and Wales: 1930-1949,115,5,"Cavity wall, as built, insulated (assumed)","Pitched, 250 mm loft insulation",Fully double glazed,"Boiler and radiators, mains gas",From main system,C,C,2023-05-14,100030272
17 Braxted Park,,SW16 1CF,House,Semi-Detached,England and Wales: 1930-1949,112,5,"Cavity wall, as built, insulated (assumed)","Pitched, 250 mm loft insulation",Fully double glazed,"Boiler and radiators, mains gas",From main system,D,C,2023-05-14,100030289
18 Braxted Park,,SW16 1CF,House,Semi-Detached,England and Wales: 1930-1949,110,5,"Cavity wall, as built, insulated (assumed)","Pitched, 250 mm loft insulation",Fully double glazed,"Boiler and radiators, mains gas",From main system,E,C,2023-05-14,100030306
19 Braxted Park,,SW16 1CF,House,Semi-Detached,England and Wales: 1930-1949,126,6,"Cavity wall, as built, insulated (assumed)","Pitched, 250 mm loft insulation",Partial double glazing,"Boiler and radiators, mains gas",From main system,E,C,2023-05-14,100030323
20 Braxted Park,,SW16 1CF,House,Semi-Detached,England and Wales: 1930-1949,107,5,"Cavity wall, as built, insulated (assumed)","Pitched, 250 mm loft insulation",Fully double glazed,"Boiler and radiators, mains gas",From main system,C,C,2023-05-14,100030340
1 Hitherfield Road,,SW16 2DG,House,End-Terrace,England and Wales: 1900-1929,126,6,"Solid brick, as built, no insulation (assumed)","Pitched, 250 mm loft insulation",Fully double glazed,"Boiler and radiators, mains gas",From main system,E,C,2023-05-14,100040017
2 Hitherfield Road,,SW16 2DG,House,Mid-Terrace,England and Wales: 1900-1929,149,7,"Solid brick, as built, no insulation (assumed)","Pitched, 250 mm loft insulation",Fully double glazed,"Boiler and radiators, mains gas",From main system,D,C,2023-05-14,100040034
3 Hitherfield Road,,SW16 2DG,House,Mid-Terrace,England and Wales: 1900-1929,133,6,"Solid brick, as built, no insulation (assumed)","Pitched, 250 mm loft insulation",Fully double glazed,"Boiler and radiators, mains gas",From main system,E,C,2023-05-14,100040051
4 Hitherfield Road,,SW16 2DG,House,Mid-Terrace,England and Wales: 1900-1929,107,5,"Solid brick, as built, no insulation (assumed)","Pitched, 250 mm loft insulation",Partial double glazing,"Boiler and radiators, mains gas",From main system,E,C,2023-05-14,100040068
5 Hitherfield Road,,SW16 2DG,House,Mid-Terrace,England and Wales: 1900-1929,108,5,"Solid brick, as built, no insulation (assumed)","Pitched, 250 mm loft insulation",Fully double glazed,"Boiler and radiators, mains gas",From main system,E,C,2023-05-14,100040085
6 Hitherfield Road,,SW16 2DG,House,Mid-Terrace,England and Wales: 1900-1929,132,6,"Solid brick, as built, no insulation (assumed)","Pitched, 250 mm loft insulation",Fully double glazed,"Boiler and radiators, mains gas",From main system,D,C,2023-05-14,100040102
7 Hitherfield Road,,SW16 2DG,House,Mid-Terrace,England and Wales: 1900-1929,150,7,"Solid brick, as built, no insulation (assumed)","Pitched, 250 mm loft insulation",Fully double glazed,"Boiler and radiators, mains gas",From main system,D,C,2023-05-14,100040119
8 Hitherfield Road,,SW16 2DG,House,Mid-Terrace,England and Wales: 1900-1929,103,5,"Solid brick, as built, no insulation (assumed)","Pitched, 250 mm loft insulation",Fully double glazed,"Boiler and radiators, mains gas",From main system,D,C,2023-05-14,100040136
9 Hitherfield Road,,SW16 2DG,Flat,Mid-Terrace,England and Wales: 1900-1929,94,4,"Solid brick, as built, no insulation (assumed)",(another dwelling above),Fully double glazed,"Boiler and radiators, mains gas",From main system,D,C,2023-05-14,100040153
10 Hitherfield Road,,SW16 2DG,House,Mid-Terrace,England and Wales: 1900-1929,128,6,"Solid brick, as built, no insulation (assumed)","Pitched, 250 mm loft insulation",Fully double glazed,"Boiler and radiators, mains gas",From main system,C,C,2023-05-14,100040170
11 Hitherfield Road,,SW16 2DG,House,Mid-Terrace,England and Wales: 1900-1929,103,5,"Solid brick, as built, no insulation (assumed)","Pitched, 250 mm loft insulation",Partial double glazing,"Boiler and radiators, mains gas",From main system,D,C,2023-05-14,100040187
12 Hitherfield Road,,SW16 2DG,House,Mid-Terrace,England and Wales: 1900-1929,148,7,"Solid brick, as built, no insulation (assumed)","Pitched, 250 mm loft insulation",Fully double glazed,"Boiler and radiators, mains gas",From main system,D,C,2023-05-14,100040204
13 Hitherfield Road,,SW16 2DG,Flat,Mid-Terrace,England and Wales: 1900-1929,91,4,"Solid brick, as built, no insulation (assumed)",(another dwelling above),Fully double glazed,"Boiler and radiators, mains gas",From main system,E,C,2023-05-14,100040221
14 Hitherfield Road,,SW16 2DG,House,Mid-Terrace,England and Wales: 1900-1929,126,6,"Solid brick, as built, no insulation (assumed)","Pitched, 250 mm loft insulation",Fully double glazed,"Boiler and radiators, mains gas",From main system,E,C,2023-05-14,100040238
15 Hitherfield Road,,SW16 2DG,House,Mid-Terrace,England and Wales: 1900-1929,146,7,"Solid brick, as built, no insulation (assumed)","Pitched, 250 mm loft insulation",Partial double glazing,"Boiler and radiators, mains gas",From main system,D,C,2023-05-14,100040255
16 Hitherfield Road,,SW16 2DG,House,Mid-Terrace,England and Wales: 1900-1929,98,4,"Solid brick, as built, no insulation (assumed)","Pitched, 250 mm loft insulation",Partial double glazing,"Boiler and radiators, mains gas",From main system,E,C,2023-05-14,100040272
17 Hitherfield Road,,SW16 2DG,House,Mid-Terrace,England and Wales: 1900-1929,96,4,"Solid brick, as built, no insulation (assumed)","Pitched, 250 mm loft insulation",Partial double glazing,"Boiler and radiators, mains gas",From main system,D,C,2023-05-14,100040289
18 Hitherfield Road,,SW16 2DG,House,Mid-Terrace,England and Wales: 1900-1929,113,5,"Solid brick, as built, no insulation (assumed)","Pitched, 250 mm loft insulation",Fully double glazed,"Boiler and radiators, mains gas",From main system,E,C,2023-05-14,100040306
19 Hitherfield Road,,SW16 2DG,House,Mid-Terrace,England and Wales: 1900-1929,138,6,"Solid brick, as built, no insulation (assumed)","Pitched, 250 mm loft insulation",Partial double glazing,"Boiler and radiators, mains gas",From main system,D,C,2023-05-14,100040323
20 Hitherfield Road,,SW16 2DG,Flat,Mid-Terrace,England and Wales: 1900-1929,76,3,"Solid brick, as built, no insulation (assumed)",(another dwelling above),Partial double glazing,"Boiler and radiators, mains gas",From main system,D,C,2023-05-14,100040340
1 Mount Ephraim Lane,,SW16 1EH,House,End-Terrace,England and Wales: 1900-1929,102,5,"Solid brick, as built, no insulation (assumed)","Pitched, 250 mm loft insulation",Fully double glazed,"Boiler and radiators, mains gas",From main system,D,C,2023-05-14,100050017
2 Mount Ephraim Lane,,SW16 1EH,House,Semi-Detached,England and Wales: 1930-1949,98,4,"Cavity wall, as built, insulated (assumed)","Pitched, 250 mm loft insulation",Fully double glazed,"Boiler and radiators, mains gas",From main system,D,C,2023-05-14,100050034
3 Mount Ephraim Lane,,SW16 1EH,House,Semi-Detached,England and Wales: 1930-1949,113,5,"Cavity wall, as built, insulated (assumed)","Pitched, 250 mm loft insulation",Partial double glazing,"Boiler and radiators, mains gas",From main system,E,C,2023-05-14,100050051
4 Mount Ephraim Lane,,SW16 1EH,House,Mid-Terrace,England and Wales: 1900-1929,133,6,"Solid brick, as built, no insulation (assumed)","Pitched, 250 mm loft insulation",Fully double glazed,"Boiler and radiators, mains gas",From main system,D,C,2023-05-14,100050068
5 Mount Ephraim Lane,,SW16 1EH,House,Semi-Detached,England and Wales: 1930-1949,108,5,"Cavity wall, as built, insulated (assumed)","Pitched, 250 mm loft insulation",Fully double glazed,"Boiler and radiators, mains gas",From main system,E,C,2023-05-14,100050085
6 Mount Ephraim Lane,,SW16 1EH,House,Semi-Detached,England and Wales: 1930-1949,110,5,"Cavity wall, as built, insulated (assumed)","Pitched, 250 mm loft insulation",Fully double glazed,"Boiler and radiators, mains gas",From main system,D,C,2023-05-14,100050102
7 Mount Ephraim Lane,,SW16 1EH,House,Mid-Terrace,England and Wales: 1900-1929,133,6,"Solid brick, as built, no insulation (assumed)","Pitched, 250 mm loft insulation",Fully double glazed,"Boiler and radiators, mains gas",From main system,E,C,2023-05-14,100050119
8 Mount Ephraim Lane,,SW16 1EH,House,Semi-Detached,England and Wales: 1930-1949,111,5,"Cavity wall, as built, insulated (assumed)","Pitched, 250 mm loft insulation",Fully double glazed,"Boiler and radiators, mains gas",From main system,D,C,2023-05-14,100050136
9 Mount Ephraim Lane,,SW16 1EH,House,Semi-Detached,England and Wales: 1930-1949,93,4,"Cavity wall, as built, insulated (assumed)","Pitched, 250 mm loft insulation",Fully double glazed,"Boiler and radiators, mains gas",From main system,D,C,2023-05-14,100050153
10 Mount Ephraim Lane,,SW16 1EH,House,Semi-Detached,England and Wales: 1930-1949,110,5,"Cavity wall, as built, insulated (assumed)","Pitched, 250 mm loft insulation",Partial double glazing,"Boiler and radiators, mains gas",From main system,E,C,2023-05-14,100050170
11 Mount Ephraim Lane,,SW16 1EH,House,Mid-Terrace,England and Wales: 1900-1929,134,6,"Solid brick, as built, no insulation (assumed)","Pitched, 250 mm loft insulation",Partial double glazing,"Boiler and radiators, mains gas",From main system,D,C,2023-05-14,100050187
12 Mount Ephraim Lane,,SW16 1EH,House,Mid-Terrace,England and Wales: 1900-1929,104,5,"Solid brick, as built, no insulation (assumed)","Pitched, 250 mm loft insulation",Fully double glazed,"Boiler and radiators, mains gas",From main system,D,C,2023-05-14,100050204
13 Mount Ephraim Lane,,SW16 1EH,Flat,Mid-Terrace,England and Wales: 1930-1949,91,4,"Cavity wall, as built, insulated (assumed)",(another dwelling above),Fully double glazed,"Boiler and radiators, mains gas",From main system,D,C,2023-05-14,100050221
14 Mount Ephraim Lane,,SW16 1EH,House,Mid-Terrace,England and Wales: 1900-1929,117,5,"Solid brick, as built, no insulation (assumed)","Pitched, 250 mm loft insulation",Partial double glazing,"Boiler and radiators, mains gas",From main system,D,C,2023-05-14,100050238
15 Mount Ephraim Lane,,SW16 1EH,House,Mid-Terrace,England and Wales: 1900-1929,107,5,"Solid brick, as built, no insulation (assumed)","Pitched, 250 mm loft insulation",Fully double glazed,"Boiler and radiators, mains gas",From main system,C,C,2023-05-14,100050255
16 Mount Ephraim Lane,,SW16 1EH,House,Semi-Detached,England and Wales: 1930-1949,89,4,"Cavity wall, as built, insulated (assumed)","Pitched, 250 mm loft insulation",Fully double glazed,"Boiler and radiators, mains gas",From main system,D,C,2023-05-14,100050272
17 Mount Ephraim Lane,,SW16 1EH,House,Mid-Terrace,England and Wales: 1900-1929,117,5,"Solid brick, as built, no insulation (assumed)","Pitched, 250 mm loft insulation",Partial double glazing,"Boiler and radiators, mains gas",From main system,D,C,2023-05-14,100050289
18 Mount Ephraim Lane,,SW16 1EH,House,Semi-Detached,England and Wales: 1930-1949,109,5,"Cavity wall, as built, insulated (assumed)","Pitched, 250 mm loft insulation",Fully double glazed,"Boiler and radiators, mains gas",From main system,D,C,2023-05-14,100050306
19 Mount Ephraim Lane,,SW16 1EH,House,Semi-Detached,England and Wales: 1930-1949,114,5,"Cavity wall, as built, insulated (assumed)","Pitched, 250 mm loft insulation",Partial double glazing,"Boiler and radiators, mains gas",From main system,D,C,2023-05-14,100050323
20 Mount Ephraim Lane,,SW16 1EH,House,Mid-Terrace,England and Wales: 1900-1929,107,5,"Solid brick, as built, no insulation (assumed)","Pitched, 250 mm loft insulation",Fully double glazed,"Boiler and radiators, mains gas",From main system,E,C,2023-05-14,100050340
1 Fishponds Road,,SW17 2FJ,House,End-Terrace,England and Wales: 1900-1929,116,5,"Solid brick, as built, no insulation (assumed)","Pitched, 250 mm loft insulation",Fully double glazed,"Boiler and radiators, mains gas",From main system,D,C,2023-05-14,100060017
2 Fishponds Road,,SW17 2FJ,House,Mid-Terrace,England and Wales: 1900-1929,108,5,"Solid brick, as built, no insulation (assumed)","Pitched, 250 mm loft insulation",Fully double glazed,"Boiler and radiators, mains gas",From main system,E,C,2023-05-14,100060034
3 Fishponds Road,,SW17 2FJ,House,Mid-Terrace,England and Wales: 1900-1929,100,5,"Solid brick, as built, no insulation (assumed)","Pitched, 250 mm loft insulation",Partial double glazing,"Boiler and radiators, mains gas",From main system,E,C,2023-05-14,100060051
4 Fishponds Road,,SW17 2FJ,House,Mid-Terrace,England and Wales: 1900-1929,123,6,"Solid brick, as built, no insulation (assumed)","Pitched, 250 mm loft insulation",Fully double glazed,"Boiler and radiators, mains gas",From main system,D,C,2023-05-14,100060068
5 Fishponds Road,,SW17 2FJ,House,Mid-Terrace,England and Wales: 1900-1929,136,6,"Solid brick, as built, no insulation (assumed)","Pitched, 250 mm loft insulation",Fully double glazed,"Boiler and radiators, mains gas",From main system,C,C,2023-05-14,100060085
6 Fishponds Road,,SW17 2FJ,House,Mid-Terrace,England and Wales: 1900-1929,147,7,"Solid brick, as built, no insulation (assumed)","Pitched, 250 mm loft insulation",Fully double glazed,"Boiler and radiators, mains gas",From main system,E,C,2023-05-14,100060102
7 Fishponds Road,,SW17 2FJ,House,Mid-Terrace,England and Wales: 1900-1929,103,5,"Solid brick, as built, no insulation (assumed)","Pitched, 250 mm loft insulation",Fully double glazed,"Boiler and radiators, mains gas",From main system,D,C,2023-05-14,100060119
8 Fishponds Road,,SW17 2FJ,House,Mid-Terrace,England and Wales: 1900-1929,109,5,"Solid brick, as built, no insulation (assumed)","Pitched, 250 mm loft insulation",Fully double glazed,"Boiler and radiators, mains gas",From main system,D,C,2023-05-14,100060136
9 Fishponds Road,,SW17 2FJ,House,Mid-Terrace,England and Wales: 1900-1929,145,7,"Solid brick, as built, no insulation (assumed)","Pitched, 250 mm loft insulation",Partial double glazing,"Boiler and radiators, mains gas",From main system,D,C,2023-05-14,100060153
10 Fishponds Road,,SW17 2FJ,House,Mid-Terrace,England and Wales: 1900-1929,139,6,"Solid brick, as built, no insulation (assumed)","Pitched, 250 mm loft insulation",Fully double glazed,"Boiler and radiators, mains gas",From main system,D,C,2023-05-14,100060170
11 Fishponds Road,,SW17 2FJ,House,Mid-Terrace,England and Wales: 1900-1929,110,5,"Solid brick, as built, no insulation (assumed)","Pitched, 250 mm loft insulation",Partial double glazing,"Boiler and radiators, mains gas",From main system,C,C,2023-05-14,100060187
12 Fishponds Road,,SW17 2FJ,House,Mid-Terrace,England and Wales: 1900-1929,109,5,"Solid brick, as built, no insulation (assumed)","Pitched, 250 mm loft insulation",Fully double glazed,"Boiler and radiators, mains gas",From main system,E,C,2023-05-14,100060204
13 Fishponds Road,,SW17 2FJ,House,End-Terrace,England and Wales: 1900-1929,114,5,"Solid brick, as built, no insulation (assumed)","Pitched, 250 mm loft insulation",Fully double glazed,"Boiler and radiators, mains gas",From main system,E,C,2023-05-14,100060221
14 Fishponds Road,,SW17 2FJ,House,Mid-Terrace,England and Wales: 1900-1929,105,5,"Solid brick, as built, no insulation (assumed)","Pitched, 250 mm loft insulation",Fully double glazed,"Boiler and radiators, mains gas",From main system,D,C,2023-05-14,100060238
15 Fishponds Road,,SW17 2FJ,House,Mid-Terrace,England and Wales: 1900-1929,99,5,"Solid brick, as built, no insulation (assumed)","Pitched, 250 mm loft insulation",Fully double glazed,"Boiler and radiators, mains gas",From main system,E,C,2023-05-14,100060255
16 Fishponds Road,,SW17 2FJ,House,Mid-Terrace,England and Wales: 1900-1929,126,6,"Solid brick, as built, no insulation (assumed)","Pitched, 250 mm loft insulation",Fully double glazed,"Boiler and radiators, mains gas",From main system,D,C,2023-05-14,100060272
17 Fishponds Road,,SW17 2FJ,House,Mid-Terrace,England and Wales: 1900-1929,106,5,"Solid brick, as built, no insulation (assumed)","Pitched, 250 mm loft insulation",Fully double glazed,"Boiler and radiators, mains gas",From main system,E,C,2023-05-14,100060289
18 Fishponds Road,,SW17 2FJ,Flat,Mid-Terrace,England and Wales: 1900-1929,104,5,"Solid brick, as built, no insulation (assumed)",(another dwelling above),Fully double glazed,"Boiler and radiators, mains gas",From main system,D,C,2023-05-14,100060306
19 Fishponds Road,,SW17 2FJ,House,Mid-Terrace,England and Wales: 1900-1929,111,5,"Solid brick, as built, no insulation (assumed)","Pitched, 250 mm loft insulation",Fully double glazed,"Boiler and radiators, mains gas",From main system,C,C,2023-05-14,100060323
20 Fishponds Road,,SW17 2FJ,House,Mid-Terrace,England and Wales: 1900-1929,137,6,"Solid brick, as built, no insulation (assumed)","Pitched, 250 mm loft insulation",Fully double glazed,"Boiler and radiators, mains gas",From main system,D,C,2023-05-14,100060340
1 Ansell Road,,SW17 1GA,House,End-Terrace,England and Wales: 1900-1929,135,6,"Solid brick, as built, no insulation (assumed)","Pitched, 250 mm loft insulation",Fully double glazed,"Boiler and radiators, mains gas",From main system,D,C,2023-05-14,100070017
2 Ansell Road,,SW17 1GA,House,Mid-Terrace,England and Wales: 1900-1929,150,7,"Solid brick, as built, no insulation (assumed)","Pitched, 250 mm loft insulation",Partial double glazing,"Boiler and radiators, mains gas",From main system,D,C,2023-05-14,100070034
3 Ansell Road,,SW17 1GA,House,Mid-Terrace,England and Wales: 1900-1929,135,6,"Solid brick, as built, no insulation (assumed)","Pitched, 250 mm loft insulation",Partial double glazing,"Boiler and radiators, mains gas",From main system,C,C,2023-05-14,100070051
4 Ansell Road,,SW17 1GA,House,Mid-Terrace,England and Wales: 1900-1929,134,6,"Solid brick, as built, no insulation (assumed)","Pitched, 250 mm loft insulation",Fully double glazed,"Boiler and radiators, mains gas",From main system,D,C,2023-05-14,100070068
5 Ansell Road,,SW17 1GA,House,Mid-Terrace,England and Wales: 1900-1929,127,6,"Solid brick, as built, no insulation (assumed)","Pitched, 250 mm loft insulation",Fully double glazed,"Boiler and radiators, mains gas",From main system,E,C,2023-05-14,100070085
6 Ansell Road,,SW17 1GA,House,Mid-Terrace,England and Wales: 1900-1929,110,5,"Solid brick, as built, no insulation (assumed)","Pitched, 250 mm loft insulation",Fully double glazed,"Boiler and radiators, mains gas",From main system,E,C,2023-05-14,100070102
7 Ansell Road,,SW17 1GA,House,Mid-Terrace,England and Wales: 1900-1929,97,4,"Solid brick, as built, no insulation (assumed)","Pitched, 250 mm loft insulation",Fully double glazed,"Boiler and radiators, mains gas",From main system,E,C,2023-05-14,100070119
8 Ansell Road,,SW17 1GA,House,Mid-Terrace,England and Wales: 1900-1929,124,6,"Solid brick, as built, no insulation (assumed)","Pitched, 250 mm loft insulation",Fully double glazed,"Boiler and radiators, mains gas",From main system,D,C,2023-05-14,100070136
9 Ansell Road,,SW17 1GA,House,Mid-Terrace,England and Wales: 1900-1929,133,6,"Solid brick, as built, no insulation (assumed)","Pitched, 250 mm loft insulation",Partial double glazing,"Boiler and radiators, mains gas",From main system,E,C,2023-05-14,100070153
10 Ansell Road,,SW17 1GA,House,Mid-Terrace,England and Wales: 1900-1929,97,4,"Solid brick, as built, no insulation (assumed)","Pitched, 250 mm loft insulation",Fully double glazed,"Boiler and radiators, mains gas",From main system,D,C,2023-05-14,100070170
11 Ansell Road,,SW17 1GA,House,Mid-Terrace,England and Wales: 1900-1929,110,5,"Solid brick, as built, no insulation (assumed)","Pitched, 250 mm loft insulation",Fully double glazed,"Boiler and radiators, mains gas",From main system,C,C,2023-05-14,100070187
12 Ansell Road,,SW17 1GA,House,Mid-Terrace,England and Wales: 1900-1929,126,6,"Solid brick, as built, no insulation (assumed)","Pitched, 250 mm loft insulation",Fully double glazed,"Boiler and radiators, mains gas",From main system,D,C,2023-05-14,100070204
13 Ansell Road,,SW17 1GA,House,End-Terrace,England and Wales: 1900-1929,98,4,"Solid brick, as built, no insulation (assumed)","Pitched, 250 mm loft insulation",Fully double glazed,"Boiler and radiators, mains gas",From main system,E,C,2023-05-14,100070221
14 Ansell Road,,SW17 1GA,House,Mid-Terrace,England and Wales: 1900-1929,131,6,"Solid brick, as built, no insulation (assumed)","Pitched, 250 mm loft insulation",Fully double glazed,"Boiler and radiators, mains gas",From main system,D,C,2023-05-14,100070238
15 Ansell Road,,SW17 1GA,House,Mid-Terrace,England and Wales: 1900-1929,123,6,"Solid brick, as built, no insulation (assumed)","Pitched, 250 mm loft insulation",Fully double glazed,"Boiler and radiators, mains gas",From main system,D,C,2023-05-14,100070255
16 Ansell Road,,SW17 1GA,House,Mid-Terrace,England and Wales: 1900-1929,111,5,"Solid brick, as built, no insulation (assumed)","Pitched, 250 mm loft insulation",Fully double glazed,"Boiler and radiators, mains gas",From main system,D,C,2023-05-14,100070272
17 Ansell Road,,SW17 1GA,House,Mid-Terrace,England and Wales: 1900-1929,143,7,"Solid brick, as built, no insulation (assumed)","Pitched, 250 mm loft insulation",Fully double glazed,"Boiler and radiators, mains gas",From main system,D,C,2023-05-14,100070289
18 Ansell Road,,SW17 1GA,House,Mid-Terrace,England and Wales: 1900-1929,126,6,"Solid brick, as built, no insulation (assumed)","Pitched, 250 mm loft insulation",Fully double glazed,"Boiler and radiators, mains gas",From main system,D,C,2023-05-14,100070306
19 Ansell Road,,SW17 1GA,House,Mid-Terrace,England and Wales: 1900-1929,99,5,"Solid brick, as built, no insulation (assumed)","Pitched, 250 mm loft insulation",Partial double glazing,"Boiler and radiators, mains gas",From main system,E,C,2023-05-14,100070323
20 Ansell Road,,SW17 1GA,House,Mid-Terrace,England and Wales: 1900-1929,126,6,"Solid brick, as built, no insulation (assumed)","Pitched, 250 mm loft insulation",Fully double glazed,"Boiler and radiators, mains gas",From main system,D,C,2023-05-14,100070340
1 Brudenell Road,,SW17 2HB,Flat,Mid-Terrace,England and Wales: 1930-1949,70,3,"Cavity wall, as built, insulated (assumed)",(another dwelling above),Fully double glazed,"Boiler and radiators, mains gas",From main system,E,C,2023-05-14,100080017
2 Brudenell Road,,SW17 2HB,Flat,Mid-Terrace,England and Wales: 1930-1949,82,4,"Cavity wall, as built, insulated (assumed)",(another dwelling above),Fully double glazed,"Boiler and radiators, mains gas",From main system,E,C,2023-05-14,100080034
3 Brudenell Road,,SW17 2HB,House,Mid-Terrace,England and Wales: 1900-1929,112,5,"Solid brick, as built, no insulation (assumed)","Pitched, 250 mm loft insulation",Fully double glazed,"Boiler and radiators, mains gas",From main system,C,C,2023-05-14,100080051
4 Brudenell Road,,SW17 2HB,House,Mid-Terrace,England and Wales: 1900-1929,99,5,"Solid brick, as built, no insulation (assumed)","Pitched, 250 mm loft insulation",Fully double glazed,"Boiler and radiators, mains gas",From main system,D,C,2023-05-14,100080068
5 Brudenell Road,,SW17 2HB,Flat,Mid-Terrace,England and Wales: 1930-1949,87,4,"Cavity wall, as built, insulated (assumed)",(another dwelling above),Partial double glazing,"Boiler and radiators, mains gas",From main system,E,C,2023-05-14,100080085
6 Brudenell Road,,SW17 2HB,House,Mid-Terrace,England and Wales: 1900-1929,111,5,"Solid brick, as built, no insulation (assumed)","Pitched, 250 mm loft insulation",Partial double glazing,"Boiler and radiators, mains gas",From main system,E,C,2023-05-14,100080102
7 Brudenell Road,,SW17 2HB,House,Semi-Detached,England and Wales: 1930-1949,100,5,"Cavity wall, as built, insulated (assumed)","Pitched, 250 mm loft insulation",Fully double glazed,"Boiler and radiators, mains gas",From main system,D,C,2023-05-14,100080119
8 Brudenell Road,,SW17 2HB,House,Semi-Detached,England and Wales: 1930-1949,103,5,"Cavity wall, as built, insulated (assumed)","Pitched, 250 mm loft insulation",Fully double glazed,"Boiler and radiators, mains gas",From main system,E,C,2023-05-14,100080136
9 Brudenell Road,,SW17 2HB,House,Mid-Terrace,England and Wales: 1900-1929,106,5,"Solid brick, as built, no insulation (assumed)","Pitched, 250 mm loft insulation",Partial double glazing,"Boiler and radiators, mains gas",From main system,E,C,2023-05-14,100080153
10 Brudenell Road,,SW17 2HB,House,Semi-Detached,England and Wales: 1930-1949,112,5,"Cavity wall, as built, insulated (assumed)","Pitched, 250 mm loft insulation",Partial double glazing,"Boiler and radiators, mains gas",From main system,D,C,2023-05-14,100080170
11 Brudenell Road,,SW17 2HB,House,Semi-Detached,England and Wales: 1930-1949,128,6,"Cavity wall, as built, insulated (assumed)","Pitched, 250 mm loft insulation",Fully double glazed,"Boiler and radiators, mains gas",From main system,D,C,2023-05-14,100080187
12 Brudenell Road,,SW17 2HB,House,Mid-Terrace,England and Wales: 1900-1929,123,6,"Solid brick, as built, no insulation (assumed)","Pitched, 250 mm loft insulation",Fully double glazed,"Boiler and radiators, mains gas",From main system,E,C,2023-05-14,100080204
13 Brudenell Road,,SW17 2HB,House,End-Terrace,England and Wales: 1900-1929,142,6,"Solid brick, as built, no insulation (assumed)","Pitched, 250 mm loft insulation",Partial double glazing,"Boiler and radiators, mains gas",From main system,D,C,2023-05-14,100080221
14 Brudenell Road,,SW17 2HB,House,Mid-Terrace,England and Wales: 1900-1929,107,5,"Solid brick, as built, no insulation (assumed)","Pitched, 250 mm loft insulation",Partial double glazing,"Boiler and radiators, mains gas",From main system,D,C,2023-05-14,100080238
15 Brudenell Road,,SW17 2HB,House,Mid-Terrace,England and Wales: 1900-1929,139,6,"Solid brick, as built, no insulation (assumed)","Pitched, 250 mm loft insulation",Fully double glazed,"Boiler and radiators, mains gas",From main system,D,C,2023-05-14,100080255
16 Brudenell Road,,SW17 2HB,Flat,Mid-Terrace,England and Wales: 1930-1949,64,3,"Cavity wall, as built, insulated (assumed)",(another dwelling above),Fully double glazed,"Boiler and radiators, mains gas",From main system,D,C,2023-05-14,100080272
17 Brudenell Road,,SW17 2HB,House,Mid-Terrace,England and Wales: 1900-1929,137,6,"Solid brick, as built, no insulation (assumed)","Pitched, 250 mm loft insulation",Fully double glazed,"Boiler and radiators, mains gas",From main system,D,C,2023-05-14,100080289
18 Brudenell Road,,SW17 2HB,House,Mid-Terrace,England and Wales: 1900-1929,102,5,"Solid brick, as built, no insulation (assumed)","Pitched, 250 mm loft insulation",Fully double glazed,"Boiler and radiators, mains gas",From main system,C,C,2023-05-14,100080306
19 Brudenell Road,,SW17 2HB,House,Mid-Terrace,England and Wales: 1900-1929,107,5,"Solid brick, as built, no insulation (assumed)","Pitched, 250 mm loft insulation",Fully double glazed,"Boiler and radiators, mains gas",From main system,D,C,2023-05-14,100080323
20 Brudenell Road,,SW17 2HB,House,Semi-Detached,England and Wales: 1930-1949,108,5,"Cavity wall, as built, insulated (assumed)","Pitched, 250 mm loft insulation",Fully double glazed,"Boiler and radiators, mains gas",From main system,E,C,2023-05-14,100080340
1 Ashvale Road,,SW17 1JC,House,Semi-Detached,England and Wales: 1930-1949,96,4,"Cavity wall, as built, insulated (assumed)","Pitched, 250 mm loft insulation",Fully double glazed,"Boiler and radiators, mains gas",From main system,D,C,2023-05-14,100090017
2 Ashvale Road,,SW17 1JC,House,Semi-Detached,England and Wales: 1930-1949,127,6,"Cavity wall, as built, insulated (assumed)","Pitched, 250 mm loft insulation",Fully double glazed,"Boiler and radiators, mains gas",From main system,D,C,2023-05-14,100090034
3 Ashvale Road,,SW17 1JC,Flat,Mid-Terrace,England and Wales: 1930-1949,78,4,"Cavity wall, as built, insulated (assumed)",(another dwelling above),Fully double glazed,"Boiler and radiators, mains gas",From main system,D,C,2023-05-14,100090051
4 Ashvale Road,,SW17 1JC,House,Semi-Detached,England and Wales: 1930-1949,100,5,"Cavity wall, as built, insulated (assumed)","Pitched, 250 mm loft insulation",Fully double glazed,"Boiler and radiators, mains gas",From main system,D,C,2023-05-14,100090068
5 Ashvale Road,,SW17 1JC,House,Semi-Detached,England and Wales: 1930-1949,123,6,"Cavity wall, as built, insulated (assumed)","Pitched, 250 mm loft insulation",Fully double glazed,"Boiler and radiators, mains gas",From main system,D,C,2023-05-14,100090085
6 Ashvale Road,,SW17 1JC,House,Semi-Detached,England and Wales: 1930-1949,123,6,"Cavity wall, as built, insulated (assumed)","Pitched, 250 mm loft insulation",Fully double glazed,"Boiler and radiators, mains gas",From main system,D,C,2023-05-14,100090102
7 Ashvale Road,,SW17 1JC,House,Semi-Detached,England and Wales: 1930-1949,97,4,"Cavity wall, as built, insulated (assumed)","Pitched, 250 mm loft insulation",Partial double glazing,"Boiler and radiators, mains gas",From main system,C,C,2023-05-14,100090119
8 Ashvale Road,,SW17 1JC,House,Semi-Detached,England and Wales: 1930-1949,120,5,"Cavity wall, as built, insulated (assumed)","Pitched, 250 mm loft insulation",Fully double glazed,"Boiler and radiators, mains gas",From main system,D,C,2023-05-14,100090136
9 Ashvale Road,,SW17 1JC,House,Semi-Detached,England and Wales: 1930-1949,107,5,"Cavity wall, as built, insulated (assumed)","Pitched, 250 mm loft insulation",Fully double glazed,"Boiler and radiators, mains gas",From main system,D,C,2023-05-14,100090153
10 Ashvale Road,,SW17 1JC,House,Semi-Detached,England and Wales: 1930-1949,117,5,"Cavity wall, as built, insulated (assumed)","Pitched, 250 mm loft insulation",Partial double glazing,"Boiler and radiators, mains gas",From main system,D,C,2023-05-14,100090170
11 Ashvale Road,,SW17 1JC,House,Semi-Detached,England and Wales: 1930-1949,108,5,"Cavity wall, as built, insulated (assumed)","Pitched, 250 mm loft insulation",Fully double glazed,"Boiler and radiators, mains gas",From main system,D,C,2023-05-14,100090187
12 Ashvale Road,,SW17 1JC,House,Semi-Detached,England and Wales: 1930-1949,104,5,"Cavity wall, as built, insulated (assumed)","Pitched, 250 mm loft insulation",Partial double glazing,"Boiler and radiators, mains gas",From main system,E,C,2023-05-14,100090204
13 Ashvale Road,,SW17 1JC,Flat,Mid-Terrace,England and Wales: 1930-1949,55,3,"Cavity wall, as built, insulated (assumed)",(another dwelling above),Partial double glazing,"Boiler and radiators, mains gas",From main system,C,C,2023-05-14,100090221
14 Ashvale Road,,SW17 1JC,House,Semi-Detached,England and Wales: 1930-1949,95,4,"Cavity wall, as built, insulated (assumed)","Pitched, 250 mm loft insulation",Fully double glazed,"Boiler and radiators, mains gas",From main system,C,C,2023-05-14,100090238
15 Ashvale Road,,SW17 1JC,House,Semi-Detached,England and Wales: 1930-1949,94,4,"Cavity wall, as built, insulated (assumed)","Pitched, 250 mm loft insulation",Partial double glazing,"Boiler and radiators, mains gas",From main system,C,C,2023-05-14,100090255
16 Ashvale Road,,SW17 1JC,House,Semi-Detached,England and Wales: 1930-1949,106,5,"Cavity wall, as built, insulated (assumed)","Pitched, 250 mm loft insulation",Fully double glazed,"Boiler and radiators, mains gas",From main system,D,C,2023-05-14,100090272
17 Ashvale Road,,SW17 1JC,House,Semi-Detached,England and Wales: 1930-1949,91,4,"Cavity wall, as built, insulated (assumed)","Pitched, 250 mm loft insulation",Fully double glazed,"Boiler and radiators, mains gas",From main system,D,C,2023-05-14,100090289
18 Ashvale Road,,SW17 1JC,House,Semi-Detached,England and Wales: 1930-1949,98,4,"Cavity wall, as built, insulated (assumed)","Pitched, 250 mm loft insulation",Partial double glazing,"Boiler and radiators, mains gas",From main system,E,C,2023-05-14,100090306
19 Ashvale Road,,SW17 1JC,House,Semi-Detached,England and Wales: 1930-1949,128,6,"Cavity wall, as built, insulated (assumed)","Pitched, 250 mm loft insulation",Fully double glazed,"Boiler and radiators, mains gas",From main system,D,C,2023-05-14,100090323
20 Ashvale Road,,SW17 1JC,Flat,Mid-Terrace,England and Wales: 1930-1949,77,4,"Cavity wall, as built, insulated (assumed)",(another dwelling above),Fully double glazed,"Boiler and radiators, mains gas",From main system,D,C,2023-05-14,100090340
1 Selkirk Road,,SW17 2AD,Flat,Mid-Terrace,England and Wales: 1900-1929,100,5,"Solid brick, as built, no insulation (assumed)",(another dwelling above),Fully double glazed,"Boiler and radiators, mains gas",From main system,D,C,2023-05-14,1000100017
2 Selkirk Road,,SW17 2AD,House,Mid-Terrace,England and Wales: 1900-1929,137,6,"Solid brick, as built, no insulation (assumed)","Pitched, 250 mm loft insulation",Partial double glazing,"Boiler and radiators, mains gas",From main system,E,C,2023-05-14,1000100034
3 Selkirk Road,,SW17 2AD,House,Mid-Terrace,England and Wales: 1900-1929,104,5,"Solid brick, as built, no insulation (assumed)","Pitched, 250 mm loft insulation",Partial double glazing,"Boiler and radiators, mains gas",From main system,E,C,2023-05-14,1000100051
4 Selkirk Road,,SW17 2AD,House,Mid-Terrace,England and Wales: 1900-1929,136,6,"Solid brick, as built, no insulation (assumed)","Pitched, 250 mm loft insulation",Fully double glazed,"Boiler and radiators, mains gas",From main system,D,C,2023-05-14,1000100068
5 Selkirk Road,,SW17 2AD,House,Mid-Terrace,England and Wales: 1900-1929,122,6,"Solid brick, as built, no insulation (assumed)","Pitched, 250 mm loft insulation",Partial double glazing,"Boiler and radiators, mains gas",From main system,D,C,2023-05-14,1000100085
6 Selkirk Road,,SW17 2AD,House,Mid-Terrace,England and Wales: 1900-1929,137,6,"Solid brick, as built, no insulation (assumed)","Pitched, 250 mm loft insulation",Fully double glazed,"Boiler and radiators, mains gas",From main system,E,C,2023-05-14,1000100102
7 Selkirk Road,,SW17 2AD,House,Mid-Terrace,England and Wales: 1900-1929,139,6,"Solid brick, as built, no insulation (assumed)","Pitched, 250 mm loft insulation",Fully double glazed,"Boiler and radiators, mains gas",From main system,D,C,2023-05-14,1000100119
8 Selkirk Road,,SW17 2AD,House,Mid-Terrace,England and Wales: 1900-1929,98,4,"Solid brick, as built, no insulation (assumed)","Pitched, 250 mm loft insulation",Partial double glazing,"Boiler and radiators, mains gas",From main system,D,C,2023-05-14,1000100136
9 Selkirk Road,,SW17 2AD,House,Mid-Terrace,England and Wales: 1900-1929,102,5,"Solid brick, as built, no insulation (assumed)","Pitched, 250 mm loft insulation",Fully double glazed,"Boiler and radiators, mains gas",From main system,E,C,2023-05-14,1000100153
10 Selkirk Road,,SW17 2AD,House,Mid-Terrace,England and Wales: 1900-1929,129,6,"Solid brick, as built, no insulation (assumed)","Pitched, 250 mm loft insulation",Partial double glazing,"Boiler and radiators, mains gas",From main system,D,C,2023-05-14,1000100170
11 Selkirk Road,,SW17 2AD,House,Mid-Terrace,England and Wales: 1900-1929,146,7,"Solid brick, as built, no insulation (assumed)","Pitched, 250 mm loft insulation",Fully double glazed,"Boiler and radiators, mains gas",From main system,D,C,2023-05-14,1000100187
12 Selkirk Road,,SW17 2AD,House,Mid-Terrace,England and Wales: 1900-1929,136,6,"Solid brick, as built, no insulation (assumed)","Pitched, 250 mm loft insulation",Fully double glazed,"Boiler and radiators, mains gas",From main system,D,C,2023-05-14,1000100204
13 Selkirk Road,,SW17 2AD,Flat,Mid-Terrace,England and Wales: 1900-1929,98,4,"Solid brick, as built, no insulation (assumed)",(another dwelling above),Fully double glazed,"Boiler and radiators, mains gas",From main system,D,C,2023-05-14,1000100221
14 Selkirk Road,,SW17 2AD,House,Mid-Terrace,England and Wales: 1900-1929,117,5,"Solid brick, as built, no insulation (assumed)","Pitched, 250 mm loft insulation",Fully double glazed,"Boiler and radiators, mains gas",From main system,E,C,2023-05-14,1000100238
15 Selkirk Road,,SW17 2AD,House,Mid-Terrace,England and Wales: 1900-1929,104,5,"Solid brick, as built, no insulation (assumed)","Pitched, 250 mm loft insulation",Partial double glazing,"Boiler and radiators, mains gas",From main system,E,C,2023-05-14,1000100255
16 Selkirk Road,,SW17 2AD,House,Mid-Terrace,England and Wales: 1900-1929,110,5,"Solid brick, as built, no insulation (assumed)","Pitched, 250 mm loft insulation",Fully double glazed,"Boiler and radiators, mains gas",From main system,D,C,2023-05-14,1000100272
17 Selkirk Road,,SW17 2AD,House,Mid-Terrace,England and Wales: 1900-1929,104,5,"Solid brick, as built, no insulation (assumed)","Pitched, 250 mm loft insulation",Partial double glazing,"Boiler and radiators, mains gas",From main system,D,C,2023-05-14,1000100289
18 Selkirk Road,,SW17 2AD,House,Mid-Terrace,England and Wales: 1900-1929,121,6,"Solid brick, as built, no insulation (assumed)","Pitched, 250 mm loft insulation",Fully double glazed,"Boiler and radiators, mains gas",From main system,C,C,2023-05-14,1000100306
19 Selkirk Road,,SW17 2AD,House,Mid-Terrace,England and Wales: 1900-1929,123,6,"Solid brick, as built, no insulation (assumed)","Pitched, 250 mm loft insulation",Fully double glazed,"Boiler and radiators, mains gas",From main system,C,C,2023-05-14,1000100323
20 Selkirk Road,,SW17 2AD,House,Mid-Terrace,England and Wales: 1900-1929,122,6,"Solid brick, as built, no insulation (assumed)","Pitched, 250 mm loft insulation",Fully double glazed,"Boiler and radiators, mains gas",From main system,D,C,2023-05-14,1000100340
